generated_at,provider,symbol,sanity_score,critical,warning,info,rules
2026-09-14T10:46:42.856Z,yahoo,AAPL,95,0,0,1,RETURN_SPIKE
2026-09-14T10:46:42.856Z,yahoo,MSFT,85,0,1,0,RETURN_SPIKE
2026-09-14T10:46:42.856Z,yahoo,NVDA,85,0,1,0,RETURN_SPIKE
2026-09-14T10:46:42.856Z,yahoo,AMZN,85,0,1,0,RETURN_SPIKE
2026-09-14T10:46:42.856Z,yahoo,META,85,0,1,0,RETURN_SPIKE
2026-09-14T10:46:42.856Z,yahoo,GOOGL,95,0,0,1,RETURN_SPIKE
2026-09-14T10:46:42.856Z,yahoo,TSLA,85,0,1,0,RETURN_SPIKE
2026-09-14T10:46:42.856Z,yahoo,AVGO,85,0,1,0,RETURN_SPIKE
2026-09-14T10:46:42.856Z,yahoo,JPM,95,0,0,1,RETURN_SPIKE
2026-09-14T10:46:42.856Z,yahoo,V,85,0,1,0,RETURN_SPIKE
2026-09-14T10:46:42.856Z,yahoo,KO,95,0,0,1,RETURN_SPIKE
2026-09-14T10:46:42.856Z,yahoo,PG,100,0,0,0,
2026-09-14T10:46:42.856Z,yahoo,JNJ,100,0,0,0,
2026-09-14T10:46:42.856Z,yahoo,XOM,95,0,0,1,RETURN_SPIKE
2026-09-14T10:46:42.856Z,yahoo,WMT,95,0,0,1,RETURN_SPIKE
2026-09-14T10:46:42.856Z,yahoo,BRK-B,85,0,1,0,RETURN_SPIKE
2026-09-14T10:46:42.856Z,yahoo,GE,95,0,0,1,RETURN_SPIKE
2026-09-14T10:46:42.856Z,yahoo,CAT,45,1,1,0,PRICE_SPIKE_INTRADAY;RETURN_SPIKE
2026-09-14T10:46:42.856Z,yahoo,BA,95,0,0,1,RETURN_SPIKE
2026-09-14T10:46:42.856Z,yahoo,HON,80,0,1,1,RETURN_SPIKE;SPLIT_RATIO_IMPROBABLE
2026-09-14T10:46:42.856Z,yahoo,SPY,100,0,0,0,
2026-09-14T10:46:42.856Z,yahoo,QQQ,95,0,0,1,RETURN_SPIKE
2026-09-14T10:46:42.856Z,yahoo,IWM,100,0,0,0,
2026-09-14T10:46:42.856Z,yahoo,DIA,100,0,0,0,
2026-09-14T10:46:42.856Z,yahoo,VTI,100,0,0,0,
2026-09-14T10:46:42.856Z,yahoo,GLD,95,0,0,1,RETURN_SPIKE
2026-09-14T10:46:42.856Z,yahoo,TLT,100,0,0,0,
2026-09-14T10:46:42.856Z,yahoo,EEM,95,0,0,1,RETURN_SPIKE
2026-09-14T10:46:42.856Z,yahoo,ARKK,100,0,0,0,
2026-09-14T10:46:42.856Z,yahoo,NFLX,85,0,1,0,RETURN_SPIKE
